{
    "model": {
        "type": "minecraft:range_dispatch",
        "property": "minecraft:custom_model_data",
        "entries": [
            {
                "threshold": 120,
                "model": {
                    "type": "minecraft:model",
                    "model": "fpack:item/stone_angel_wing"
                }
            },
            {
                "threshold": 700,
                "model": {
                    "type": "minecraft:model",
                    "model": "reishards:item/chicken_feather"
                }
            }
        ],
        "fallback": {
            "type": "minecraft:model",
            "model": "minecraft:item/feather"
        } 
    }
}