{
    "model": {
        "type": "minecraft:range_dispatch",
        "property": "minecraft:custom_model_data",
        "entries": [
            {
                "threshold": 104,
                "model": {
                    "type": "minecraft:model",
                    "model": "fpack:item/transport_map"
                }
            },
            {
                "threshold": 105,
                "model": {
                    "type": "minecraft:model",
                    "model": "fpack:item/monumental_blueprint"
                }
            },
            {
                "threshold": 111,
                "model": {
                    "type": "minecraft:model",
                    "model": "fpack:item/boatco_catalog"
                }
            }
        ],
        "fallback": {
            "type": "minecraft:model",
            "model": "minecraft:item/paper"
        } 
    }
}