{
    "model": {
        "type": "minecraft:range_dispatch",
        "property": "minecraft:custom_model_data",
        "entries": [
            {
                "threshold": 107,
                "model": {
                    "type": "minecraft:model",
                    "model": "fpack:item/wizard_staff"
                }
            },
            {
                "threshold": 108,
                "model": {
                    "type": "minecraft:model",
                    "model": "fpack:item/square_hammer"
                }
            },
            {
                "threshold": 110,
                "model": {
                    "type": "minecraft:model",
                    "model": "fpack:item/broken_saxophone"
                }
            },
            {
                "threshold": 114,
                "model": {
                    "type": "minecraft:model",
                    "model": "fpack:item/leftover_plank"
                }
            },
            {
                "threshold": 117,
                "model": {
                    "type": "minecraft:model",
                    "model": "fpack:item/red_fox_totem"
                }
            }
        ],
        "fallback": {
            "type": "minecraft:model",
            "model": "minecraft:item/stick"
        } 
    }
}