{
    "model": {
        "type": "minecraft:range_dispatch",
        "property": "minecraft:custom_model_data",
        "entries": [
            {
                "threshold": 705,
                "model": {
                    "type": "minecraft:model",
                    "model": "reishards:item/rabbit_skull"
                }
            }
        ],
        "fallback": {
            "type": "minecraft:model",
            "model": "minecraft:item/rabbit_foot"
        } 
    }
}